tipo,x_mm,r_e_mm,r_i_mm
perfil,0,0,0
perfil,0.5,4.17582,0
perfil,1,5.89491,0
perfil,1.5,7.20677,0
perfil,2,8.30662,2.64386
perfil,2.5,9.27025,4.68475
perfil,3,10.1366,6.12237
perfil,3.5,10.9287,7.27461
perfil,4,11.6619,8.26163
perfil,4.5,12.3466,9.14158
perfil,5,12.9904,9.93376
perfil,5.5,13.5992,10.6669
perfil,6,14.1774,11.347
perfil,6.5,14.7288,11.9834
perfil,7,15.2561,12.5858
perfil,7.5,15.7619,13.1561
perfil,8,16.2481,13.6975
perfil,8.5,16.7164,14.2159
perfil,9,17.1683,14.7136
perfil,9.5,17.605,15.1895
perfil,10,18.0278,15.6478
perfil,10.5,18.4374,16.0904
perfil,11,18.8348,16.5187
perfil,11.5,19.2208,16.9317
perfil,12,19.5959,17.3315
perfil,12.5,19.9609,17.7197
perfil,13,20.3162,18.0969
perfil,13.5,20.6625,18.4639
perfil,14,21,18.8196
perfil,14.5,21.3293,19.1658
perfil,15,21.6506,19.5033
perfil,15.5,21.9645,19.8326
perfil,16,22.2711,20.154
perfil,16.5,22.5707,20.4675
perfil,17,22.8637,20.7727
perfil,17.5,23.1503,21.071
perfil,18,23.4307,21.3627
perfil,18.5,23.7052,21.648
perfil,19,23.9739,21.9273
perfil,19.5,24.2371,22.2006
perfil,20,24.4949,22.4674
perfil,20.5,24.7475,22.7284
perfil,21,24.995,22.9841
perfil,21.5,25.2376,23.2346
perfil,22,25.4755,23.4802
perfil,22.5,25.7087,23.7209
perfil,23,25.9374,23.9569
perfil,23.5,26.1618,24.1882
perfil,24,26.3818,24.4142
perfil,24.5,26.5977,24.636
perfil,25,26.8095,24.8535
perfil,25.5,27.0174,25.067
perfil,26,27.2213,25.2764
perfil,26.5,27.4215,25.4819
perfil,27,27.6179,25.6836
perfil,27.5,27.8107,25.8815
perfil,28,28,26.0754
perfil,28.5,28.1858,26.2654
perfil,29,28.3681,26.4518
perfil,29.5,28.5471,26.6349
perfil,30,28.7228,26.8145
perfil,30.5,28.8953,26.9909
perfil,31,29.0646,27.164
perfil,31.5,29.2308,27.3339
perfil,32,29.3939,27.5007
perfil,32.5,29.554,27.6644
perfil,33,29.7111,27.8248
perfil,33.5,29.8653,27.9819
perfil,34,30.0167,28.1362
perfil,34.5,30.1652,28.2875
perfil,35,30.3109,28.436
perfil,35.5,30.4539,28.5817
perfil,36,30.5941,28.7247
perfil,36.5,30.7317,28.865
perfil,37,30.8666,29.0025
perfil,37.5,30.999,29.1375
perfil,38,31.1288,29.2698
perfil,38.5,31.256,29.3994
perfil,39,31.3807,29.5262
perfil,39.5,31.503,29.6504
perfil,40,31.6228,29.7721
perfil,40.5,31.7402,29.8915
perfil,41,31.8551,30.0084
perfil,41.5,31.9678,30.1229
perfil,42,32.078,30.235
perfil,42.5,32.186,30.3448
perfil,43,32.2916,30.4523
perfil,43.5,32.395,30.5575
perfil,44,32.4962,30.6604
perfil,44.5,32.5951,30.7611
perfil,45,32.6917,30.8592
perfil,45.5,32.7862,30.955
perfil,46,32.8786,31.0486
perfil,46.5,32.9687,31.1401
perfil,47,33.0568,31.2294
perfil,47.5,33.1427,31.3166
perfil,48,33.2265,31.4016
perfil,48.5,33.3082,31.4846
perfil,49,33.3879,31.5655
perfil,49.5,33.4655,31.6443
perfil,50,33.541,31.7211
perfil,50.5,33.6145,31.7958
perfil,51,33.6861,31.8686
perfil,51.5,33.7556,31.9391
perfil,52,33.8231,32.0074
perfil,52.5,33.8886,32.0738
perfil,53,33.9522,32.1381
perfil,53.5,34.0138,32.2005
perfil,54,34.0735,32.261
perfil,54.5,34.1312,32.3195
perfil,55,34.187,32.376
perfil,55.5,34.2409,32.4307
perfil,56,34.2929,32.4834
perfil,56.5,34.3429,32.5343
perfil,57,34.3911,32.5832
perfil,57.5,34.4374,32.6303
perfil,58,34.4819,32.6755
perfil,58.5,34.5244,32.7188
perfil,59,34.5652,32.7599
perfil,59.5,34.604,32.7992
perfil,60,34.641,32.8365
perfil,60.5,34.6762,32.8721
perfil,61,34.7095,32.9058
perfil,61.5,34.741,32.9376
perfil,62,34.7707,32.9677
perfil,62.5,34.7985,32.9959
perfil,63,34.8246,33.0223
perfil,63.5,34.8488,33.0469
perfil,64,34.8712,33.0696
perfil,64.5,34.8918,33.0906
perfil,65,34.9106,33.1098
perfil,65.5,34.9276,33.1271
perfil,66,34.9428,33.1427
perfil,66.5,34.9562,33.1562
perfil,67,34.9678,33.1678
perfil,67.5,34.9777,33.1777
perfil,68,34.9857,33.1857
perfil,68.5,34.992,33.192
perfil,69,34.9964,33.1964
perfil,69.5,34.9991,33.1991
perfil,70,35,33.2
perfil,70.5,35,33.2
perfil,71,35,33.2
perfil,71.5,35,33.2
perfil,72,35,33.2
perfil,72.5,35,33.2
perfil,73,35,33.2
perfil,73.5,35,33.2
perfil,74,35,33.2
perfil,74.5,35,33.2
perfil,75,35,33.2
perfil,75.5,35,33.2
perfil,76,35,33.2
perfil,76.5,35,33.2
perfil,77,35,33.2
perfil,77.5,35,33.2
perfil,78,35,33.2
perfil,78.5,35,33.2
perfil,79,35,33.2
perfil,79.5,35,33.2
perfil,80,35,33.2
perfil,80.5,35,33.2
perfil,81,35,33.2
perfil,81.5,35,33.2
perfil,82,35,33.2
perfil,82.5,35,33.2
perfil,83,35,33.2
perfil,83.5,35,33.2
perfil,84,35,33.2
perfil,84.5,35,33.2
perfil,85,35,33.2
perfil,85.5,35,33.2
perfil,86,35,33.2
perfil,86.5,35,33.2
perfil,87,35,33.2
perfil,87.5,35,33.2
perfil,88,35,33.2
perfil,88.5,35,33.2
perfil,89,35,33.2
perfil,89.5,35,33.2
perfil,90,35,33.2
perfil,90.5,35,33.2
perfil,91,35,33.2
perfil,91.5,35,33.2
perfil,92,35,33.2
perfil,92.5,35,33.2
perfil,93,35,33.2
perfil,93.5,35,33.2
perfil,94,35,33.2
perfil,94.5,35,33.2
perfil,95,35,33.2
perfil,95.5,35,33.2
perfil,96,35,33.2
perfil,96.5,35,33.2
perfil,97,35,33.2
perfil,97.5,35,33.2
perfil,98,35,33.2
perfil,98.5,35,33.2
perfil,99,35,33.2
perfil,99.5,35,33.2
perfil,100,35,33.2
perfil,100.5,35,33.2
perfil,101,35,33.2
perfil,101.5,35,33.2
perfil,102,35,33.2
perfil,102.5,35,33.2
perfil,103,35,33.2
perfil,103.5,35,33.2
perfil,104,35,33.2
perfil,104.5,35,33.2
perfil,105,35,33.2
perfil,105.5,35,33.2
perfil,106,35,33.2
perfil,106.5,35,33.2
perfil,107,35,33.2
perfil,107.5,35,33.2
perfil,108,35,33.2
perfil,108.5,35,33.2
perfil,109,35,33.2
perfil,109.5,35,33.2
perfil,110,35,33.2
perfil,110.5,35,33.2
perfil,111,35,33.2
perfil,111.5,35,33.2
perfil,112,35,33.2
perfil,112.5,35,33.2
perfil,113,35,33.2
perfil,113.5,35,33.2
perfil,114,35,33.2
perfil,114.5,35,33.2
perfil,115,35,33.2
perfil,115.5,35,33.2
perfil,116,35,33.2
perfil,116.5,35,33.2
perfil,117,35,33.2
perfil,117.5,35,33.2
perfil,118,35,33.2
perfil,118.5,35,33.2
perfil,119,35,33.2
perfil,119.5,35,33.2
perfil,120,35,33.2
perfil,120.5,35,33.2
perfil,121,35,33.2
perfil,121.5,35,33.2
perfil,122,35,33.2
perfil,122.5,35,33.2
perfil,123,35,33.2
perfil,123.5,35,33.2
perfil,124,35,33.2
perfil,124.5,35,33.2
perfil,125,35,33.2
perfil,125.5,35,33.2
perfil,126,35,33.2
perfil,126.5,35,33.2
perfil,127,35,33.2
perfil,127.5,35,33.2
perfil,128,35,33.2
perfil,128.5,35,33.2
perfil,129,35,33.2
perfil,129.5,35,33.2
perfil,130,35,33.2
perfil,130.5,35,33.2
perfil,131,35,33.2
perfil,131.5,35,33.2
perfil,132,35,33.2
perfil,132.5,35,33.2
perfil,133,35,33.2
perfil,133.5,35,33.2
perfil,134,35,33.2
perfil,134.5,35,33.2
perfil,135,35,33.2
perfil,135.5,35,33.2
perfil,136,35,33.2
perfil,136.5,35,33.2
perfil,137,35,33.2
perfil,137.5,35,33.2
perfil,138,35,33.2
perfil,138.5,35,33.2
perfil,139,35,33.2
perfil,139.5,35,33.2
perfil,140,35,33.2
perfil,140.5,35,33.2
perfil,141,35,33.2
perfil,141.5,35,33.2
perfil,142,35,33.2
perfil,142.5,35,33.2
perfil,143,35,33.2
perfil,143.5,35,33.2
perfil,144,35,33.2
perfil,144.5,35,33.2
perfil,145,35,33.2
perfil,145.5,35,33.2
perfil,146,35,33.2
perfil,146.5,35,33.2
perfil,147,35,33.2
perfil,147.5,35,33.2
perfil,148,35,33.2
perfil,148.5,35,33.2
perfil,149,35,33.2
perfil,149.5,35,33.2
perfil,150,35,33.2
perfil,150.5,35,33.2
perfil,151,35,33.2
perfil,151.5,35,33.2
perfil,152,35,33.2
perfil,152.5,35,33.2
perfil,153,35,33.2
perfil,153.5,35,33.2
perfil,154,35,33.2
perfil,154.5,35,33.2
perfil,155,35,33.2
perfil,155.5,35,33.2
perfil,156,35,33.2
perfil,156.5,35,33.2
perfil,157,35,33.2
perfil,157.5,35,33.2
perfil,158,35,33.2
perfil,158.5,35,33.2
perfil,159,35,33.2
perfil,159.5,35,33.2
perfil,160,35,33.2
perfil,160.5,35,33.2
perfil,161,35,33.2
perfil,161.5,35,33.2
perfil,162,35,33.2
perfil,162.5,35,33.2
perfil,163,35,33.2
perfil,163.5,35,33.2
perfil,164,35,33.2
perfil,164.5,35,33.2
perfil,165,35,33.2
perfil,165.5,35,33.2
perfil,166,35,33.2
perfil,166.5,35,33.2
perfil,167,35,33.2
perfil,167.5,35,33.2
perfil,168,35,33.2
perfil,168.5,35,33.2
perfil,169,35,33.2
perfil,169.5,35,33.2
perfil,170,35,33.2
perfil,170.5,35,33.2
perfil,171,35,33.2
perfil,171.5,35,33.2
perfil,172,35,33.2
perfil,172.5,35,33.2
perfil,173,35,33.2
perfil,173.5,35,33.2
perfil,174,35,33.2
perfil,174.5,35,33.2
perfil,175,35,33.2
perfil,175.5,35,33.2
perfil,176,35,33.2
perfil,176.5,35,33.2
perfil,177,35,33.2
perfil,177.5,35,33.2
perfil,178,35,33.2
perfil,178.5,35,33.2
perfil,179,35,33.2
perfil,179.5,35,33.2
perfil,180,35,33.2
perfil,180.5,35,33.2
perfil,181,35,33.2
perfil,181.5,35,33.2
perfil,182,35,33.2
perfil,182.5,35,33.2
perfil,183,35,33.2
perfil,183.5,35,33.2
perfil,184,35,33.2
perfil,184.5,35,33.2
perfil,185,35,33.2
perfil,185.5,35,33.2
perfil,186,35,33.2
perfil,186.5,35,33.2
perfil,187,35,33.2
perfil,187.5,35,33.2
perfil,188,35,33.2
perfil,188.5,35,33.2
perfil,189,35,33.2
perfil,189.5,35,33.2
perfil,190,35,33.2
perfil,190.5,35,33.2
perfil,191,35,33.2
perfil,191.5,35,33.2
perfil,192,35,33.2
perfil,192.5,35,33.2
perfil,193,35,33.2
perfil,193.5,35,33.2
perfil,194,35,33.2
perfil,194.5,35,33.2
perfil,195,35,33.2
perfil,195.5,35,33.2
perfil,196,35,33.2
perfil,196.5,35,33.2
perfil,197,35,33.2
perfil,197.5,35,33.2
perfil,198,35,33.2
perfil,198.5,35,33.2
perfil,199,35,33.2
perfil,199.5,35,33.2
perfil,200,35,33.2
perfil,200.5,35,33.2
perfil,201,35,33.2
perfil,201.5,35,33.2
perfil,202,35,33.2
perfil,202.5,35,33.2
perfil,203,35,33.2
perfil,203.5,35,33.2
perfil,204,35,33.2
perfil,204.5,35,33.2
perfil,205,35,33.2
perfil,205.5,35,33.2
perfil,206,35,33.2
perfil,206.5,35,33.2
perfil,207,35,33.2
perfil,207.5,35,33.2
perfil,208,35,33.2
perfil,208.5,35,33.2
perfil,209,35,33.2
perfil,209.5,35,33.2
perfil,210,35,33.2
perfil,210.5,35,33.2
perfil,211,35,33.2
perfil,211.5,35,33.2
perfil,212,35,33.2
perfil,212.5,35,33.2
perfil,213,35,33.2
perfil,213.5,35,33.2
perfil,214,35,33.2
perfil,214.5,35,33.2
perfil,215,35,33.2
perfil,215.5,35,33.2
perfil,216,35,33.2
perfil,216.5,35,33.2
perfil,217,35,33.2
perfil,217.5,35,33.2
perfil,218,35,33.2
perfil,218.5,35,33.2
perfil,219,35,33.2
perfil,219.5,35,33.2
perfil,220,35,33.2
perfil,220.5,35,33.2
perfil,221,35,33.2
perfil,221.5,35,33.2
perfil,222,35,33.2
perfil,222.5,35,33.2
perfil,223,35,33.2
perfil,223.5,35,33.2
perfil,224,35,33.2
perfil,224.5,35,33.2
perfil,225,35,33.2
perfil,225.5,35,33.2
perfil,226,35,33.2
perfil,226.5,35,33.2
perfil,227,35,33.2
perfil,227.5,35,33.2
perfil,228,35,33.2
perfil,228.5,35,33.2
perfil,229,35,33.2
perfil,229.5,35,33.2
perfil,230,35,33.2
perfil,230.5,35,33.2
perfil,231,35,33.2
perfil,231.5,35,33.2
perfil,232,35,33.2
perfil,232.5,35,33.2
perfil,233,35,33.2
perfil,233.5,35,33.2
perfil,234,35,33.2
perfil,234.5,35,33.2
perfil,235,35,33.2
perfil,235.5,35,33.2
perfil,236,35,33.2
perfil,236.5,35,33.2
perfil,237,35,33.2
perfil,237.5,35,33.2
perfil,238,35,33.2
perfil,238.5,35,33.2
perfil,239,35,33.2
perfil,239.5,35,33.2
perfil,240,35,33.2
perfil,240.5,35,33.2
perfil,241,35,33.2
perfil,241.5,35,33.2
perfil,242,35,33.2
perfil,242.5,35,33.2
perfil,243,35,33.2
perfil,243.5,35,33.2
perfil,244,35,33.2
perfil,244.5,35,33.2
perfil,245,35,33.2
perfil,245.5,35,33.2
perfil,246,35,33.2
perfil,246.5,35,33.2
perfil,247,35,33.2
perfil,247.5,35,33.2
perfil,248,35,33.2
perfil,248.5,35,33.2
perfil,249,35,33.2
perfil,249.5,35,33.2
perfil,250,35,33.2
perfil,250.5,35,33.2
perfil,251,35,33.2
perfil,251.5,35,33.2
perfil,252,35,33.2
perfil,252.5,35,33.2
perfil,253,35,33.2
perfil,253.5,35,33.2
perfil,254,35,33.2
perfil,254.5,35,33.2
perfil,255,35,33.2
perfil,255.5,35,33.2
perfil,256,35,33.2
perfil,256.5,35,33.2
perfil,257,35,33.2
perfil,257.5,35,33.2
perfil,258,35,33.2
perfil,258.5,35,33.2
perfil,259,35,33.2
perfil,259.5,35,33.2
perfil,260,35,33.2
perfil,260.5,34.9997,33.1997
perfil,261,34.9989,33.1989
perfil,261.5,34.9975,33.1975
perfil,262,34.9955,33.1955
perfil,262.5,34.9929,33.1929
perfil,263,34.9898,33.1898
perfil,263.5,34.9861,33.1861
perfil,264,34.9819,33.1819
perfil,264.5,34.9771,33.1771
perfil,265,34.9717,33.1717
perfil,265.5,34.9658,33.1658
perfil,266,34.9593,33.1593
perfil,266.5,34.9522,33.1522
perfil,267,34.9446,33.1446
perfil,267.5,34.9364,33.1364
perfil,268,34.9276,33.1276
perfil,268.5,34.9183,33.1183
perfil,269,34.9084,33.1084
perfil,269.5,34.8979,33.0979
perfil,270,34.8869,33.0869
perfil,270.5,34.8753,33.0753
perfil,271,34.8631,33.0631
perfil,271.5,34.8504,33.0504
perfil,272,34.8371,33.0371
perfil,272.5,34.8233,33.0232
perfil,273,34.8088,33.0087
perfil,273.5,34.7939,32.9936
perfil,274,34.7783,32.9779
perfil,274.5,34.7622,32.9617
perfil,275,34.7455,32.9449
perfil,275.5,34.7282,32.9275
perfil,276,34.7104,32.9096
perfil,276.5,34.692,32.8911
perfil,277,34.6731,32.872
perfil,277.5,34.6535,32.8523
perfil,278,34.6335,32.8321
perfil,278.5,34.6128,32.8114
perfil,279,34.5916,32.79
perfil,279.5,34.5698,32.7681
perfil,280,34.5474,32.7457
perfil,280.5,34.5245,32.7226
perfil,281,34.501,32.699
perfil,281.5,34.477,32.6749
perfil,282,34.4523,32.6501
perfil,282.5,34.4271,32.6248
perfil,283,34.4014,32.5989
perfil,283.5,34.375,32.5725
perfil,284,34.3481,32.5455
perfil,284.5,34.3207,32.5179
perfil,285,34.2927,32.4898
perfil,285.5,34.2641,32.461
perfil,286,34.2349,32.4318
perfil,286.5,34.2051,32.4019
perfil,287,34.1748,32.3715
perfil,287.5,34.144,32.3405
perfil,288,34.1125,32.3089
perfil,288.5,34.0805,32.2768
perfil,289,34.0479,32.2441
perfil,289.5,34.0148,32.2109
perfil,290,33.9811,32.177
perfil,290.5,33.9468,32.1426
perfil,291,33.9119,32.1077
perfil,291.5,33.8765,32.0721
perfil,292,33.8405,32.036
perfil,292.5,33.8039,31.9993
perfil,293,33.7668,31.9621
perfil,293.5,33.7291,31.9242
perfil,294,33.6908,31.8859
perfil,294.5,33.6519,31.8469
perfil,295,33.6125,31.8074
perfil,295.5,33.5725,31.7673
perfil,296,33.532,31.7266
perfil,296.5,33.4908,31.6853
perfil,297,33.4491,31.6434
perfil,297.5,33.4069,31.6009
perfil,298,33.364,31.5579
perfil,298.5,33.3206,31.5142
perfil,299,33.2766,31.47
perfil,299.5,33.2321,31.4252
perfil,300,33.1869,31.3798
perfil,300.5,33.1412,31.3339
perfil,301,33.0949,31.2874
perfil,301.5,33.0481,31.2403
perfil,302,33.0007,31.1927
perfil,302.5,32.9527,31.1444
perfil,303,32.9041,31.0956
perfil,303.5,32.8549,31.0463
perfil,304,32.8052,30.9963
perfil,304.5,32.7549,30.9458
perfil,305,32.7041,30.8947
perfil,305.5,32.6526,30.843
perfil,306,32.6006,30.7908
perfil,306.5,32.548,30.738
perfil,307,32.4948,30.6846
perfil,307.5,32.4411,30.6306
perfil,308,32.3868,30.5761
perfil,308.5,32.3319,30.5209
perfil,309,32.2764,30.4652
perfil,309.5,32.2204,30.409
perfil,310,32.1638,30.3521
perfil,310.5,32.1066,30.2947
perfil,311,32.0488,30.2367
perfil,311.5,31.9905,30.1781
perfil,312,31.9315,30.1189
perfil,312.5,31.872,30.0592
perfil,313,31.8119,29.9989
perfil,313.5,31.7513,29.938
perfil,314,31.69,29.8765
perfil,314.5,31.6282,29.8145
perfil,315,31.5658,29.7519
perfil,315.5,31.5029,29.6887
perfil,316,31.4393,29.6249
perfil,316.5,31.3752,29.5605
perfil,317,31.3105,29.4956
perfil,317.5,31.2452,29.43
perfil,318,31.1793,29.3639
perfil,318.5,31.1129,29.2973
perfil,319,31.0458,29.23
perfil,319.5,30.9782,29.1621
perfil,320,30.91,29.0937
perfil,320.5,30.8412,29.0247
perfil,321,30.7719,28.9551
perfil,321.5,30.7019,28.8849
perfil,322,30.6314,28.814
perfil,322.5,30.5603,28.7426
perfil,323,30.4886,28.6705
perfil,323.5,30.4164,28.5979
perfil,324,30.3435,28.5247
perfil,324.5,30.2701,28.4509
perfil,325,30.196,28.3765
perfil,325.5,30.1214,28.3016
perfil,326,30.0463,28.226
perfil,326.5,29.9705,28.1499
perfil,327,29.8941,28.0732
perfil,327.5,29.8172,27.9959
perfil,328,29.7396,27.918
perfil,328.5,29.6615,27.8396
perfil,329,29.5828,27.7605
perfil,329.5,29.5035,27.6809
perfil,330,29.4237,27.6006
perfil,330.5,29.3432,27.5198
perfil,331,29.2621,27.4384
perfil,331.5,29.1805,27.3564
perfil,332,29.0983,27.2738
perfil,332.5,29.0155,27.1907
perfil,333,28.932,27.1069
perfil,333.5,28.8481,27.0225
perfil,334,28.7635,26.9376
perfil,334.5,28.6783,26.8521
perfil,335,28.5925,26.766
perfil,335.5,28.5062,26.6792
perfil,336,28.4192,26.5919
perfil,336.5,28.3317,26.5041
perfil,337,28.2436,26.4156
perfil,337.5,28.1548,26.3265
perfil,338,28.0655,26.2368
perfil,338.5,27.9756,26.1466
perfil,339,27.8851,26.0557
perfil,339.5,27.794,25.9642
perfil,340,27.7023,25.8722
perfil,340.5,27.61,25.7796
perfil,341,27.5172,25.6863
perfil,341.5,27.4237,25.5925
perfil,342,27.3296,25.4981
perfil,342.5,27.2349,25.403
perfil,343,27.1397,25.3074
perfil,343.5,27.0438,25.2112
perfil,344,26.9474,25.1144
perfil,344.5,26.8503,25.017
perfil,345,26.7527,24.919
perfil,345.5,26.6544,24.8204
perfil,346,26.5556,24.7211
perfil,346.5,26.4561,24.6211
perfil,347,26.3561,24.5206
perfil,347.5,26.2554,24.4195
perfil,348,26.1542,24.3178
perfil,348.5,26.0523,24.2154
perfil,349,25.9499,24.1125
perfil,349.5,25.8468,24.009
perfil,350,25.7432,23.9048
perfil,350.5,25.6389,23.8001
perfil,351,25.5341,23.6948
perfil,351.5,25.4286,23.5888
perfil,352,25.3226,23.4823
perfil,352.5,25.2159,23.3751
perfil,353,25.1086,23.2674
perfil,353.5,25.0007,23.159
perfil,354,24.8923,23.05
perfil,354.5,24.7832,22.9405
perfil,355,24.6735,22.8303
perfil,355.5,24.5632,22.7195
perfil,356,24.4522,22.6081
perfil,356.5,24.3407,22.4961
perfil,357,24.2286,22.3835
perfil,357.5,24.1159,22.2702
perfil,358,24.0025,22.1564
perfil,358.5,23.8886,22.042
perfil,359,23.774,21.9269
perfil,359.5,23.6588,21.8112
perfil,360,23.543,21.695
perfil,360.5,23.4266,21.5781
perfil,361,23.3096,21.4606
perfil,361.5,23.192,21.3425
perfil,362,23.0738,21.2237
perfil,362.5,22.9549,21.1044
perfil,363,22.8354,20.9844
perfil,363.5,22.7154,20.8639
perfil,364,22.5947,20.7427
perfil,364.5,22.4734,20.6209
perfil,365,22.3514,20.4984
perfil,365.5,22.2289,20.3754
perfil,366,22.1057,20.2518
perfil,366.5,21.9819,20.1275
perfil,367,21.8575,20.0026
perfil,367.5,21.7325,19.8771
perfil,368,21.6069,19.7509
perfil,368.5,21.4806,19.6242
perfil,369,21.3538,19.4968
perfil,369.5,21.2263,19.3688
perfil,370,21.0981,19.2402
perfil,370.5,20.9694,19.1109
perfil,371,20.84,18.9809
perfil,371.5,20.71,18.8503
perfil,372,20.5794,18.719
perfil,372.5,20.4482,18.5872
perfil,373,20.3163,18.4547
perfil,373.5,20.1838,18.3216
perfil,374,20.0507,18.1878
perfil,374.5,19.917,18.0534
perfil,375,19.7826,17.9184
perfil,375.5,19.6476,17.7828
perfil,376,19.512,17.6466
perfil,376.5,19.3757,17.5097
perfil,377,19.2388,17.3722
perfil,377.5,19.1013,17.234
perfil,378,18.9632,17.0952
perfil,378.5,18.8244,16.9558
perfil,379,18.685,16.8158
perfil,379.5,18.5449,16.6751
perfil,380,18.4043,16.5338
perfil,380.5,18.263,16.3918
perfil,381,18.121,16.2493
perfil,381.5,17.9784,16.106
perfil,382,17.8352,15.9622
perfil,382.5,17.6914,15.8177
perfil,383,17.5469,15.6726
perfil,383.5,17.4017,15.5268
perfil,384,17.256,15.3804
perfil,384.5,17.1096,15.2333
perfil,385,16.9625,15.0857
perfil,385.5,16.8148,14.9373
perfil,386,16.6665,14.7883
perfil,386.5,16.5175,14.6387
perfil,387,16.3679,14.4885
perfil,387.5,16.2176,14.3376
perfil,388,16.0667,14.186
perfil,388.5,15.9152,14.0338
perfil,389,15.763,13.881
perfil,389.5,15.6102,13.7275
perfil,390,15.4567,13.5734
perfil,390.5,15.3025,13.4186
perfil,391,15.1478,13.2632
perfil,391.5,14.9923,13.1071
perfil,392,14.8362,12.9504
perfil,392.5,14.6795,12.793
perfil,393,14.5221,12.6349
perfil,393.5,14.3641,12.4762
perfil,394,14.2054,12.3169
perfil,394.5,14.0461,12.1569
perfil,395,13.8861,11.9962
perfil,395.5,13.7254,11.8347
perfil,396,13.5641,11.6726
perfil,396.5,13.4022,11.5099
perfil,397,13.2395,11.3465
perfil,397.5,13.0763,11.1824
perfil,398,12.9123,11.0177
perfil,398.5,12.7477,10.8523
perfil,399,12.5825,10.6863
perfil,399.5,12.4166,10.5208
perfil,400,12.25,10.45
aleta,316,31.4393,
aleta,341.2,77,
aleta,400,77,
aleta,400,12.25,
aleta,395.579,13.7,
aleta,391.158,15.0987,
aleta,386.737,16.4467,
aleta,382.316,17.7444,
aleta,377.895,18.9923,
aleta,373.474,20.1908,
aleta,369.053,21.3404,
aleta,364.632,22.4413,
aleta,360.211,23.4941,
aleta,355.789,24.499,
aleta,351.368,25.4564,
aleta,346.947,26.3666,
aleta,342.526,27.2299,
aleta,338.105,28.0466,
aleta,333.684,28.817,
aleta,329.263,29.5412,
aleta,324.842,30.2195,
aleta,320.421,30.8521,
